vt_id,vt_app_type,vt_entry_term,satv_use,satm_use,satcomp_use,act_eng,act_math,act_read,act_sci,act_comp,nc1,nc2,nc3,ncav,EQ1,EQ2,EQ3,EQ4,EQ1_score-rator1,EQ1_score-rator2,EQ1_score-rator3,EQ1_score-rator4,EQ2_score-rator1,EQ2_score-rator2,EQ2_score-rator3,EQ2_score-rator4,EQ3_score-rator1,EQ3_score-rator2,EQ3_score-rator3,EQ3_score-rator4,EQ4_score-rator1,EQ4_score-rator2,EQ4_score-rator3,EQ4_score-rator4,hs_gpa,college_gpa,vt_major,vt_coll,vt_gpa_1yr,vt_grad_gpa,vt_adm_dec,vt_app_response,enr_after_first_yr,gender,age,ethnic/race,country_citz,residency,state
F1,F,Spring,622,465,1552,21,28,34,29,33,6,11,14,11,,,,,1.0:10000001',3.0:10000001',,,2.0:10040000',2.0:10009588',,,2.0:10041999',2.0:10000000',,,2.0:10040000',2.0:10001200',,,4.0,,CS,Engineering,,,Cancels Application,No Response,,Not Available,26,Asian,USA,Out-of-State,MD
F2,F,,761,488,1131,35,33,25,17,35,9,7,14,9,,,,,2.0:10040000',3.0:10000001',,,2.0:10000000',3.0:10968446',,,3.0:10130000',3.0:10960000',,,3.0:10112000',3.0:10967800',,,,,CS,College of Science,,,Admit (Offers Admission),Enroll,,Male,25,Hispanics of any race,China,In-State,NY
F3,T,Summer,521,553,1257,22,19,27,22,17,11,7,10,8,,,,,1.0:10000001',3.0:10000001',3.0:10000001',,1.0:00002002',2.0:12651839',2.0:11954811',,2.0:01020000',3.0:12650000',2.0:11950000',,1.0:01028900',2.0:12652300',3.0:11956700',,,,GE,Engineering,,,Deny Admission,No Response,,Male,29,White,USA,Out-of-State,CA
F1,T,Summer,560,472,1208,27,35,22,29,33,5,13,7,11,,,,,2.0:10040000',3.0:10000001',,,2.0:10040000',2.0:10009588',,,2.0:10041999',2.0:10000000',,,2.0:10040000',2.0:10001200',,,,,BIOL,Arts & Humanities,,,Admit (Offers Admission),No Response,,Male,18,Asian,India,International,MD
F2,F,Summer,658,417,1450,32,26,20,19,18,10,8,12,5,,,,,3.0:10112000',3.0:10000001',,,2.0:10000000',3.0:10968446',,,3.0:10130000',3.0:10960000',,,3.0:10112000',3.0:10967800',,,,,MATH,College of Science,,,Cancels Application,Enroll,,Not Available,27,Other,China,In-State,CA
F3,T,Fall,689,424,939,16,16,19,32,22,9,13,6,9,,,,,3.0:10112000',3.0:10000001',3.0:10000001',,1.0:00002002',2.0:12651839',2.0:11954811',,2.0:01020000',3.0:12650000',2.0:11950000',,1.0:01028900',2.0:12652300',3.0:11956700',,,,CS,College of Science,,,Cancels Application,No Response,,Not Available,25,Black or African American,USA,In-State,VA
F1,T,Fall,624,723,1292,16,31,20,27,16,5,10,13,11,,,,,2.0:10040000',3.0:10000001',,,2.0:10040000',2.0:10009588',,,2.0:10041999',2.0:10000000',,,2.0:10040000',2.0:10001200',,,3.5,,CS,Engineering,,,Cancels Application,No Response,,Male,28,Hispanics of any race,USA,In-State,CA
F2,T,,717,464,1172,19,29,28,30,19,10,13,10,14,,,,,3.0:10112000',3.0:10000001',,,2.0:10000000',3.0:10968446',,,3.0:10130000',3.0:10960000',,,3.0:10112000',3.0:10967800',,,3.0,,CS,College of Science,,,Cancels Application,Enroll,,Female,25,White,China,In-State,VA
F3,F,Fall,540,514,1110,16,35,29,19,18,12,10,5,12,,,,,1.0:10000001',3.0:10000001',3.0:10000001',,1.0:00002002',2.0:12651839',2.0:11954811',,2.0:01020000',3.0:12650000',2.0:11950000',,1.0:01028900',2.0:12652300',3.0:11956700',,3.0,,BIOL,Arts & Humanities,,,Cancels Application,No Response,,Male,19,White,Canada,International,VA
F1,F,Summer,633,701,1308,24,28,33,28,34,9,14,10,8,,,,,2.0:10040000',3.0:10000001',,,2.0:10040000',2.0:10009588',,,2.0:10041999',2.0:10000000',,,2.0:10040000',2.0:10001200',,,3.5,,BIOL,Engineering,,,Deny Admission,No Response,,Not Available,21,Asian,Other,International,CA
F2,F,Spring,767,558,1073,35,17,17,30,27,11,10,7,12,,,,,2.0:10040000',3.0:10000001',,,2.0:10000000',3.0:10968446',,,3.0:10130000',3.0:10960000',,,3.0:10112000',3.0:10967800',,,,,BIOL,Engineering,,,Deny Admission,Enroll,,Female,26,White,USA,International,TX
F3,F,Summer,513,549,1024,31,31,18,17,35,8,11,13,8,,,,,2.0:10040000',3.0:10000001',3.0:10000001',,1.0:00002002',2.0:12651839',2.0:11954811',,2.0:01020000',3.0:12650000',2.0:11950000',,1.0:01028900',2.0:12652300',3.0:11956700',,3.5,,MATH,College of Science,,,Deny Admission,No Response,,Female,25,Hispanics of any race,USA,International,NY
F1,F,Fall,586,495,1355,16,19,27,20,21,12,6,14,12,,,,,2.0:10040000',3.0:10000001',,,2.0:10040000',2.0:10009588',,,2.0:10041999',2.0:10000000',,,2.0:10040000',2.0:10001200',,,3.5,,CS,Arts & Humanities,,,Admit (Offers Admission),No Response,,Female,26,Black or African American,India,International,CA
F2,T,Spring,435,424,917,15,21,20,30,33,9,12,12,8,,,,,3.0:10112000',3.0:10000001',,,2.0:10000000',3.0:10968446',,,3.0:10130000',3.0:10960000',,,3.0:10112000',3.0:10967800',,,3.0,,BIOL,Engineering,,,Cancels Application,Enroll,,Female,27,White,India,International,CA
F3,T,Fall,634,541,1327,25,25,34,30,30,13,11,14,10,,,,,2.0:10040000',3.0:10000001',3.0:10000001',,1.0:00002002',2.0:12651839',2.0:11954811',,2.0:01020000',3.0:12650000',2.0:11950000',,1.0:01028900',2.0:12652300',3.0:11956700',,3.0,,BIOL,Engineering,,,Admit (Offers Admission),No Response,,Female,20,White,Canada,In-State,VA
F1,F,Fall,604,552,1273,21,17,21,27,24,10,7,11,11,,,,,3.0:10112000',3.0:10000001',,,2.0:10040000',2.0:10009588',,,2.0:10041999',2.0:10000000',,,2.0:10040000',2.0:10001200',,,3.5,,CS,Arts & Humanities,,,Admit (Offers Admission),No Response,,Not Available,21,Black or African American,Other,In-State,VA
F2,T,Fall,511,420,914,32,35,25,30,31,13,6,13,11,,,,,1.0:10000001',3.0:10000001',,,2.0:10000000',3.0:10968446',,,3.0:10130000',3.0:10960000',,,3.0:10112000',3.0:10967800',,,4.0,,MATH,College of Science,,,Deny Admission,Enroll,,Not Available,25,Hispanics of any race,India,In-State,MD
F3,F,Spring,707,466,1447,28,20,33,34,19,12,14,7,11,,,,,3.0:10112000',3.0:10000001',3.0:10000001',,1.0:00002002',2.0:12651839',2.0:11954811',,2.0:01020000',3.0:12650000',2.0:11950000',,1.0:01028900',2.0:12652300',3.0:11956700',,4.0,,CS,Arts & Humanities,,,Cancels Application,No Response,,Not Available,29,Black or African American,Other,International,CA
F1,F,,743,419,1374,32,18,18,25,23,7,8,8,9,,,,,1.0:10000001',3.0:10000001',,,2.0:10040000',2.0:10009588',,,2.0:10041999',2.0:10000000',,,2.0:10040000',2.0:10001200',,,,,GE,College of Science,,,Admit (Offers Admission),No Response,,Not Available,28,Black or African American,China,Out-of-State,CA
F2,T,Fall,415,554,1004,19,17,35,29,20,5,12,6,10,,,,,3.0:10112000',3.0:10000001',,,2.0:10000000',3.0:10968446',,,3.0:10130000',3.0:10960000',,,3.0:10112000',3.0:10967800',,,,,GE,Arts & Humanities,,,Deny Admission,Enroll,,Female,28,Hispanics of any race,USA,Out-of-State,NY
F3,F,Spring,463,675,1535,15,25,17,26,29,13,13,8,12,,,,,3.0:10112000',3.0:10000001',3.0:10000001',,1.0:00002002',2.0:12651839',2.0:11954811',,2.0:01020000',3.0:12650000',2.0:11950000',,1.0:01028900',2.0:12652300',3.0:11956700',,,,GE,College of Science,,,Admit (Offers Admission),No Response,,Male,27,Other,USA,Out-of-State,VA
F1,F,Spring,427,794,896,21,35,23,28,21,10,9,5,10,,,,,3.0:10112000',3.0:10000001',,,2.0:10040000',2.0:10009588',,,2.0:10041999',2.0:10000000',,,2.0:10040000',2.0:10001200',,,4.0,,BIOL,Arts & Humanities,,,Admit (Offers Admission),No Response,,Female,19,White,Canada,In-State,CA
F2,T,,649,677,1192,18,20,28,15,19,7,5,13,9,,,,,2.0:10040000',3.0:10000001',,,2.0:10000000',3.0:10968446',,,3.0:10130000',3.0:10960000',,,3.0:10112000',3.0:10967800',,,4.0,,GE,Arts & Humanities,,,Admit (Offers Admission),Enroll,,Female,25,Hispanics of any race,India,In-State,NY
F3,T,Fall,521,785,1516,17,26,19,17,35,6,11,7,10,,,,,1.0:10000001',3.0:10000001',3.0:10000001',,1.0:00002002',2.0:12651839',2.0:11954811',,2.0:01020000',3.0:12650000',2.0:11950000',,1.0:01028900',2.0:12652300',3.0:11956700',,4.0,,GE,Arts & Humanities,,,Admit (Offers Admission),No Response,,Not Available,25,White,China,In-State,NY
F1,F,Summer,762,633,885,35,29,19,27,23,7,10,7,10,,,,,2.0:10040000',3.0:10000001',,,2.0:10040000',2.0:10009588',,,2.0:10041999',2.0:10000000',,,2.0:10040000',2.0:10001200',,,,,BIOL,College of Science,,,Deny Admission,No Response,,Male,27,Hispanics of any race,USA,International,CA
F2,T,Spring,447,617,924,27,15,30,28,21,7,13,9,9,,,,,2.0:10040000',3.0:10000001',,,2.0:10000000',3.0:10968446',,,3.0:10130000',3.0:10960000',,,3.0:10112000',3.0:10967800',,,3.0,,CS,College of Science,,,Cancels Application,Enroll,,Not Available,27,Hispanics of any race,USA,Out-of-State,VA
F3,T,Fall,477,722,866,29,34,15,31,21,11,14,11,10,,,,,2.0:10040000',3.0:10000001',3.0:10000001',,1.0:00002002',2.0:12651839',2.0:11954811',,2.0:01020000',3.0:12650000',2.0:11950000',,1.0:01028900',2.0:12652300',3.0:11956700',,3.5,,CS,College of Science,,,Deny Admission,No Response,,Not Available,26,Asian,Canada,In-State,VA
F1,F,Summer,752,536,1327,21,22,26,32,20,6,7,8,9,,,,,1.0:10000001',3.0:10000001',,,2.0:10040000',2.0:10009588',,,2.0:10041999',2.0:10000000',,,2.0:10040000',2.0:10001200',,,,,BIOL,College of Science,,,Deny Admission,No Response,,Male,29,Asian,USA,International,CA
F2,T,Fall,441,757,1130,20,35,18,26,24,11,12,7,9,,,,,1.0:10000001',3.0:10000001',,,2.0:10000000',3.0:10968446',,,3.0:10130000',3.0:10960000',,,3.0:10112000',3.0:10967800',,,4.0,,CS,College of Science,,,Deny Admission,Enroll,,Not Available,26,White,India,Out-of-State,CA
F3,F,Fall,453,406,1370,34,29,35,31,31,9,9,7,12,,,,,1.0:10000001',3.0:10000001',3.0:10000001',,1.0:00002002',2.0:12651839',2.0:11954811',,2.0:01020000',3.0:12650000',2.0:11950000',,1.0:01028900',2.0:12652300',3.0:11956700',,3.5,,CS,College of Science,,,Deny Admission,No Response,,Female,23,White,India,In-State,CA
F1,F,Fall,685,518,1335,28,25,15,18,26,7,10,5,8,,,,,2.0:10040000',3.0:10000001',,,2.0:10040000',2.0:10009588',,,2.0:10041999',2.0:10000000',,,2.0:10040000',2.0:10001200',,,3.5,,CS,Arts & Humanities,,,Deny Admission,No Response,,Male,25,Hispanics of any race,India,Out-of-State,TX
F2,F,Summer,450,483,1518,21,16,18,17,16,7,7,7,5,,,,,1.0:10000001',3.0:10000001',,,2.0:10000000',3.0:10968446',,,3.0:10130000',3.0:10960000',,,3.0:10112000',3.0:10967800',,,4.0,,GE,Engineering,,,Deny Admission,Enroll,,Male,19,Other,Other,International,TX
F3,F,Fall,401,767,1420,19,27,18,29,26,13,11,8,9,,,,,3.0:10112000',3.0:10000001',3.0:10000001',,1.0:00002002',2.0:12651839',2.0:11954811',,2.0:01020000',3.0:12650000',2.0:11950000',,1.0:01028900',2.0:12652300',3.0:11956700',,3.5,,CS,Arts & Humanities,,,Deny Admission,No Response,,Male,28,Asian,Other,Out-of-State,NY
F1,F,,780,422,1515,31,34,34,32,28,6,11,14,10,,,,,3.0:10112000',3.0:10000001',,,2.0:10040000',2.0:10009588',,,2.0:10041999',2.0:10000000',,,2.0:10040000',2.0:10001200',,,4.0,,BIOL,Arts & Humanities,,,Cancels Application,No Response,,Not Available,25,Black or African American,Canada,In-State,MD
F2,F,Spring,453,791,1247,32,31,15,30,17,7,5,11,14,,,,,1.0:10000001',3.0:10000001',,,2.0:10000000',3.0:10968446',,,3.0:10130000',3.0:10960000',,,3.0:10112000',3.0:10967800',,,,,GE,Engineering,,,Admit (Offers Admission),Enroll,,Male,21,White,Other,In-State,NY
F3,F,Fall,628,530,1021,28,33,21,23,35,8,5,12,14,,,,,2.0:10040000',3.0:10000001',3.0:10000001',,1.0:00002002',2.0:12651839',2.0:11954811',,2.0:01020000',3.0:12650000',2.0:11950000',,1.0:01028900',2.0:12652300',3.0:11956700',,,,GE,Arts & Humanities,,,Admit (Offers Admission),No Response,,Female,29,Black or African American,Other,International,CA
F1,T,Fall,512,429,1399,29,15,35,30,22,9,11,5,5,,,,,1.0:10000001',3.0:10000001',,,2.0:10040000',2.0:10009588',,,2.0:10041999',2.0:10000000',,,2.0:10040000',2.0:10001200',,,4.0,,GE,College of Science,,,Cancels Application,No Response,,Female,27,White,Other,International,NY
F2,F,Fall,478,485,1524,24,16,21,16,30,7,8,12,7,,,,,1.0:10000001',3.0:10000001',,,2.0:10000000',3.0:10968446',,,3.0:10130000',3.0:10960000',,,3.0:10112000',3.0:10967800',,,4.0,,CS,Arts & Humanities,,,Deny Admission,Enroll,,Female,20,Black or African American,USA,In-State,TX
F3,F,Fall,674,528,897,17,33,27,19,21,12,9,10,10,,,,,2.0:10040000',3.0:10000001',3.0:10000001',,1.0:00002002',2.0:12651839',2.0:11954811',,2.0:01020000',3.0:12650000',2.0:11950000',,1.0:01028900',2.0:12652300',3.0:11956700',,,,CS,Arts & Humanities,,,Cancels Application,No Response,,Female,24,Other,Canada,International,CA
F1,T,Fall,686,580,1397,18,26,31,35,18,11,5,5,12,,,,,3.0:10112000',3.0:10000001',,,2.0:10040000',2.0:10009588',,,2.0:10041999',2.0:10000000',,,2.0:10040000',2.0:10001200',,,,,MATH,Engineering,,,Deny Admission,No Response,,Male,23,Other,USA,In-State,VA
F2,T,Spring,742,518,1150,27,27,22,17,30,9,12,9,7,,,,,3.0:10112000',3.0:10000001',,,2.0:10000000',3.0:10968446',,,3.0:10130000',3.0:10960000',,,3.0:10112000',3.0:10967800',,,3.0,,BIOL,Arts & Humanities,,,Admit (Offers Admission),Enroll,,Not Available,28,Other,China,International,NY
F3,T,Summer,747,491,895,25,30,21,18,17,6,7,5,13,,,,,3.0:10112000',3.0:10000001',3.0:10000001',,1.0:00002002',2.0:12651839',2.0:11954811',,2.0:01020000',3.0:12650000',2.0:11950000',,1.0:01028900',2.0:12652300',3.0:11956700',,4.0,,CS,College of Science,,,Deny Admission,No Response,,Male,25,Asian,Other,In-State,NY
F1,F,,405,536,1269,31,18,16,20,28,14,11,13,13,,,,,2.0:10040000',3.0:10000001',,,2.0:10040000',2.0:10009588',,,2.0:10041999',2.0:10000000',,,2.0:10040000',2.0:10001200',,,3.0,,GE,College of Science,,,Admit (Offers Admission),No Response,,Male,18,Hispanics of any race,China,International,TX
F2,T,,741,690,1143,21,27,27,31,17,14,12,12,11,,,,,3.0:10112000',3.0:10000001',,,2.0:10000000',3.0:10968446',,,3.0:10130000',3.0:10960000',,,3.0:10112000',3.0:10967800',,,3.0,,GE,Arts & Humanities,,,Cancels Application,Enroll,,Not Available,20,Hispanics of any race,Canada,Out-of-State,NY
F3,F,Spring,505,539,937,24,18,21,23,34,5,8,8,12,,,,,3.0:10112000',3.0:10000001',3.0:10000001',,1.0:00002002',2.0:12651839',2.0:11954811',,2.0:01020000',3.0:12650000',2.0:11950000',,1.0:01028900',2.0:12652300',3.0:11956700',,,,BIOL,Arts & Humanities,,,Admit (Offers Admission),No Response,,Not Available,24,White,Other,In-State,NY
F1,F,Spring,760,668,1482,18,20,23,22,15,13,9,5,5,,,,,1.0:10000001',3.0:10000001',,,2.0:10040000',2.0:10009588',,,2.0:10041999',2.0:10000000',,,2.0:10040000',2.0:10001200',,,3.5,,CS,Arts & Humanities,,,Admit (Offers Admission),No Response,,Female,21,Hispanics of any race,USA,International,CA
F2,F,Spring,419,697,848,25,33,19,24,35,11,8,13,12,,,,,2.0:10040000',3.0:10000001',,,2.0:10000000',3.0:10968446',,,3.0:10130000',3.0:10960000',,,3.0:10112000',3.0:10967800',,,,,GE,College of Science,,,Admit (Offers Admission),Enroll,,Not Available,20,Hispanics of any race,India,In-State,NY
F3,T,Fall,627,595,1259,28,23,22,21,18,14,11,9,12,,,,,1.0:10000001',3.0:10000001',3.0:10000001',,1.0:00002002',2.0:12651839',2.0:11954811',,2.0:01020000',3.0:12650000',2.0:11950000',,1.0:01028900',2.0:12652300',3.0:11956700',,3.5,,MATH,College of Science,,,Deny Admission,No Response,,Male,21,Black or African American,Other,International,MD
F1,F,Summer,567,453,891,29,17,34,30,30,10,13,8,11,,,,,2.0:10040000',3.0:10000001',,,2.0:10040000',2.0:10009588',,,2.0:10041999',2.0:10000000',,,2.0:10040000',2.0:10001200',,,3.0,,CS,College of Science,,,Deny Admission,No Response,,Not Available,21,Other,Canada,Out-of-State,NY
F2,T,Fall,581,403,1330,15,17,17,24,18,5,8,9,14,,,,,3.0:10112000',3.0:10000001',,,2.0:10000000',3.0:10968446',,,3.0:10130000',3.0:10960000',,,3.0:10112000',3.0:10967800',,,,,BIOL,College of Science,,,Admit (Offers Admission),Enroll,,Male,26,Hispanics of any race,China,In-State,NY
F3,T,Spring,663,577,1500,35,16,31,19,18,7,10,5,6,,,,,3.0:10112000',3.0:10000001',3.0:10000001',,1.0:00002002',2.0:12651839',2.0:11954811',,2.0:01020000',3.0:12650000',2.0:11950000',,1.0:01028900',2.0:12652300',3.0:11956700',,3.5,,MATH,Arts & Humanities,,,Admit (Offers Admission),No Response,,Not Available,18,Other,Other,In-State,MD
F1,F,Spring,606,475,1585,21,24,21,26,16,12,5,6,14,,,,,1.0:10000001',3.0:10000001',,,2.0:10040000',2.0:10009588',,,2.0:10041999',2.0:10000000',,,2.0:10040000',2.0:10001200',,,3.0,,GE,Engineering,,,Deny Admission,No Response,,Not Available,24,White,Other,Out-of-State,CA
F2,T,,446,503,1529,31,21,28,20,33,13,6,5,10,,,,,2.0:10040000',3.0:10000001',,,2.0:10000000',3.0:10968446',,,3.0:10130000',3.0:10960000',,,3.0:10112000',3.0:10967800',,,3.5,,GE,Arts & Humanities,,,Cancels Application,Enroll,,Male,29,Hispanics of any race,Other,Out-of-State,CA
F3,F,Summer,720,789,807,27,34,19,18,28,11,7,11,12,,,,,1.0:10000001',3.0:10000001',3.0:10000001',,1.0:00002002',2.0:12651839',2.0:11954811',,2.0:01020000',3.0:12650000',2.0:11950000',,1.0:01028900',2.0:12652300',3.0:11956700',,,,CS,College of Science,,,Cancels Application,No Response,,Female,23,Hispanics of any race,USA,International,TX
F1,F,Spring,714,631,961,25,35,32,21,22,9,11,8,7,,,,,1.0:10000001',3.0:10000001',,,2.0:10040000',2.0:10009588',,,2.0:10041999',2.0:10000000',,,2.0:10040000',2.0:10001200',,,4.0,,MATH,Arts & Humanities,,,Admit (Offers Admission),No Response,,Male,21,Asian,Other,International,MD
F2,F,Spring,402,551,846,28,17,27,15,23,7,9,13,7,,,,,2.0:10040000',3.0:10000001',,,2.0:10000000',3.0:10968446',,,3.0:10130000',3.0:10960000',,,3.0:10112000',3.0:10967800',,,,,MATH,Arts & Humanities,,,Cancels Application,Enroll,,Female,25,Asian,Other,In-State,NY
F3,F,Spring,607,773,1191,15,27,34,34,21,8,13,6,7,,,,,1.0:10000001',3.0:10000001',3.0:10000001',,1.0:00002002',2.0:12651839',2.0:11954811',,2.0:01020000',3.0:12650000',2.0:11950000',,1.0:01028900',2.0:12652300',3.0:11956700',,4.0,,BIOL,Arts & Humanities,,,Cancels Application,No Response,,Male,26,Asian,Canada,Out-of-State,TX
F1,F,Spring,661,696,1095,35,25,19,33,30,11,10,6,12,,,,,2.0:10040000',3.0:10000001',,,2.0:10040000',2.0:10009588',,,2.0:10041999',2.0:10000000',,,2.0:10040000',2.0:10001200',,,3.0,,CS,Engineering,,,Admit (Offers Admission),No Response,,Male,18,Asian,China,In-State,MD
F2,F,,750,591,1127,34,15,18,20,23,14,13,13,5,,,,,2.0:10040000',3.0:10000001',,,2.0:10000000',3.0:10968446',,,3.0:10130000',3.0:10960000',,,3.0:10112000',3.0:10967800',,,4.0,,BIOL,Engineering,,,Cancels Application,Enroll,,Not Available,21,Other,Other,Out-of-State,TX
F3,F,Fall,474,738,1408,26,21,15,30,17,13,11,10,14,,,,,1.0:10000001',3.0:10000001',3.0:10000001',,1.0:00002002',2.0:12651839',2.0:11954811',,2.0:01020000',3.0:12650000',2.0:11950000',,1.0:01028900',2.0:12652300',3.0:11956700',,,,MATH,Arts & Humanities,,,Cancels Application,No Response,,Not Available,22,Hispanics of any race,India,Out-of-State,MD
F1,T,Summer,674,416,1220,17,35,20,34,15,5,7,8,11,,,,,2.0:10040000',3.0:10000001',,,2.0:10040000',2.0:10009588',,,2.0:10041999',2.0:10000000',,,2.0:10040000',2.0:10001200',,,3.0,,BIOL,College of Science,,,Admit (Offers Admission),No Response,,Female,19,Asian,China,In-State,CA
F2,T,,724,584,1449,19,29,19,25,18,14,7,14,7,,,,,3.0:10112000',3.0:10000001',,,2.0:10000000',3.0:10968446',,,3.0:10130000',3.0:10960000',,,3.0:10112000',3.0:10967800',,,3.0,,GE,Arts & Humanities,,,Admit (Offers Admission),Enroll,,Not Available,27,Black or African American,USA,Out-of-State,VA
F3,F,Fall,635,703,1134,16,18,30,25,34,9,12,9,8,,,,,3.0:10112000',3.0:10000001',3.0:10000001',,1.0:00002002',2.0:12651839',2.0:11954811',,2.0:01020000',3.0:12650000',2.0:11950000',,1.0:01028900',2.0:12652300',3.0:11956700',,,,BIOL,Arts & Humanities,,,Admit (Offers Admission),No Response,,Male,18,Black or African American,India,International,MD
F1,T,,676,511,1316,27,18,26,24,31,5,13,7,5,,,,,2.0:10040000',3.0:10000001',,,2.0:10040000',2.0:10009588',,,2.0:10041999',2.0:10000000',,,2.0:10040000',2.0:10001200',,,3.5,,BIOL,Engineering,,,Deny Admission,No Response,,Not Available,27,Black or African American,India,International,VA
F2,F,,491,520,1323,24,26,18,31,15,7,7,6,10,,,,,2.0:10040000',3.0:10000001',,,2.0:10000000',3.0:10968446',,,3.0:10130000',3.0:10960000',,,3.0:10112000',3.0:10967800',,,,,MATH,Arts & Humanities,,,Deny Admission,Enroll,,Male,20,Other,Other,International,VA
F3,T,Fall,714,560,1236,26,18,25,29,31,6,6,14,13,,,,,3.0:10112000',3.0:10000001',3.0:10000001',,1.0:00002002',2.0:12651839',2.0:11954811',,2.0:01020000',3.0:12650000',2.0:11950000',,1.0:01028900',2.0:12652300',3.0:11956700',,,,MATH,Arts & Humanities,,,Admit (Offers Admission),No Response,,Female,24,Asian,India,Out-of-State,CA
F1,T,Fall,712,733,1459,24,15,18,22,22,7,9,11,8,,,,,3.0:10112000',3.0:10000001',,,2.0:10040000',2.0:10009588',,,2.0:10041999',2.0:10000000',,,2.0:10040000',2.0:10001200',,,,,BIOL,Engineering,,,Deny Admission,No Response,,Female,22,Hispanics of any race,China,International,CA
F2,T,Summer,570,519,1432,30,17,33,18,21,11,7,6,5,,,,,3.0:10112000',3.0:10000001',,,2.0:10000000',3.0:10968446',,,3.0:10130000',3.0:10960000',,,3.0:10112000',3.0:10967800',,,,,MATH,Arts & Humanities,,,Admit (Offers Admission),Enroll,,Male,26,Other,India,In-State,TX
F3,F,Fall,769,456,905,20,28,15,20,25,9,7,9,14,,,,,1.0:10000001',3.0:10000001',3.0:10000001',,1.0:00002002',2.0:12651839',2.0:11954811',,2.0:01020000',3.0:12650000',2.0:11950000',,1.0:01028900',2.0:12652300',3.0:11956700',,4.0,,MATH,Arts & Humanities,,,Admit (Offers Admission),No Response,,Female,19,Hispanics of any race,Canada,Out-of-State,TX
F1,F,,624,678,1470,31,22,34,16,22,8,8,6,12,,,,,3.0:10112000',3.0:10000001',,,2.0:10040000',2.0:10009588',,,2.0:10041999',2.0:10000000',,,2.0:10040000',2.0:10001200',,,3.5,,CS,Arts & Humanities,,,Cancels Application,No Response,,Male,27,White,Canada,Out-of-State,VA
F2,F,Spring,717,716,1291,19,27,33,28,18,7,11,10,7,,,,,2.0:10040000',3.0:10000001',,,2.0:10000000',3.0:10968446',,,3.0:10130000',3.0:10960000',,,3.0:10112000',3.0:10967800',,,,,GE,Arts & Humanities,,,Deny Admission,Enroll,,Male,29,Other,Other,International,TX
F3,T,,503,666,826,19,24,19,28,25,13,14,11,11,,,,,2.0:10040000',3.0:10000001',3.0:10000001',,1.0:00002002',2.0:12651839',2.0:11954811',,2.0:01020000',3.0:12650000',2.0:11950000',,1.0:01028900',2.0:12652300',3.0:11956700',,3.0,,BIOL,Engineering,,,Cancels Application,No Response,,Female,26,Black or African American,China,Out-of-State,CA
F1,T,Fall,663,634,1114,19,22,19,16,29,11,6,6,11,,,,,3.0:10112000',3.0:10000001',,,2.0:10040000',2.0:10009588',,,2.0:10041999',2.0:10000000',,,2.0:10040000',2.0:10001200',,,,,BIOL,Engineering,,,Cancels Application,No Response,,Not Available,25,Hispanics of any race,Canada,Out-of-State,CA
F2,T,,512,688,1431,16,21,24,16,27,11,9,12,6,,,,,1.0:10000001',3.0:10000001',,,2.0:10000000',3.0:10968446',,,3.0:10130000',3.0:10960000',,,3.0:10112000',3.0:10967800',,,3.5,,BIOL,Engineering,,,Deny Admission,Enroll,,Female,20,Black or African American,USA,International,TX
F3,T,Spring,504,400,1162,30,33,30,25,26,12,10,9,6,,,,,3.0:10112000',3.0:10000001',3.0:10000001',,1.0:00002002',2.0:12651839',2.0:11954811',,2.0:01020000',3.0:12650000',2.0:11950000',,1.0:01028900',2.0:12652300',3.0:11956700',,3.0,,CS,Engineering,,,Admit (Offers Admission),No Response,,Not Available,21,White,India,Out-of-State,CA
F1,F,,424,777,1545,33,23,27,29,23,13,8,9,6,,,,,3.0:10112000',3.0:10000001',,,2.0:10040000',2.0:10009588',,,2.0:10041999',2.0:10000000',,,2.0:10040000',2.0:10001200',,,,,BIOL,College of Science,,,Admit (Offers Admission),No Response,,Male,19,White,USA,International,NY
F2,T,Summer,792,688,1416,28,26,16,34,16,12,8,11,11,,,,,3.0:10112000',3.0:10000001',,,2.0:10000000',3.0:10968446',,,3.0:10130000',3.0:10960000',,,3.0:10112000',3.0:10967800',,,3.5,,GE,Arts & Humanities,,,Cancels Application,Enroll,,Not Available,21,Hispanics of any race,China,International,TX
F3,F,,452,520,1433,28,30,32,27,19,5,6,13,7,,,,,1.0:10000001',3.0:10000001',3.0:10000001',,1.0:00002002',2.0:12651839',2.0:11954811',,2.0:01020000',3.0:12650000',2.0:11950000',,1.0:01028900',2.0:12652300',3.0:11956700',,3.5,,MATH,Engineering,,,Admit (Offers Admission),No Response,,Male,18,Hispanics of any race,China,In-State,TX
F1,T,Fall,635,667,1427,32,20,26,34,32,9,8,11,8,,,,,1.0:10000001',3.0:10000001',,,2.0:10040000',2.0:10009588',,,2.0:10041999',2.0:10000000',,,2.0:10040000',2.0:10001200',,,4.0,,CS,Arts & Humanities,,,Admit (Offers Admission),No Response,,Male,20,White,China,In-State,MD
F2,F,Fall,685,449,1040,22,17,16,22,26,7,12,5,8,,,,,2.0:10040000',3.0:10000001',,,2.0:10000000',3.0:10968446',,,3.0:10130000',3.0:10960000',,,3.0:10112000',3.0:10967800',,,,,GE,Arts & Humanities,,,Admit (Offers Admission),Enroll,,Not Available,21,Black or African American,China,International,MD
F3,T,,498,653,1345,34,33,33,22,20,10,12,11,8,,,,,2.0:10040000',3.0:10000001',3.0:10000001',,1.0:00002002',2.0:12651839',2.0:11954811',,2.0:01020000',3.0:12650000',2.0:11950000',,1.0:01028900',2.0:12652300',3.0:11956700',,3.5,,BIOL,College of Science,,,Admit (Offers Admission),No Response,,Not Available,27,White,China,Out-of-State,NY
F1,F,Fall,416,597,1407,22,19,25,31,25,9,5,12,8,,,,,3.0:10112000',3.0:10000001',,,2.0:10040000',2.0:10009588',,,2.0:10041999',2.0:10000000',,,2.0:10040000',2.0:10001200',,,3.0,,MATH,Engineering,,,Admit (Offers Admission),No Response,,Male,26,Other,Canada,International,CA
F2,T,,450,595,826,34,35,26,30,25,5,8,8,10,,,,,2.0:10040000',3.0:10000001',,,2.0:10000000',3.0:10968446',,,3.0:10130000',3.0:10960000',,,3.0:10112000',3.0:10967800',,,,,GE,Engineering,,,Deny Admission,Enroll,,Not Available,18,White,Canada,In-State,MD
F3,T,,630,790,1259,34,22,20,33,35,8,10,11,8,,,,,3.0:10112000',3.0:10000001',3.0:10000001',,1.0:00002002',2.0:12651839',2.0:11954811',,2.0:01020000',3.0:12650000',2.0:11950000',,1.0:01028900',2.0:12652300',3.0:11956700',,4.0,,MATH,Arts & Humanities,,,Admit (Offers Admission),No Response,,Female,20,Other,Canada,In-State,TX
F1,F,,788,613,1522,17,30,20,16,17,14,13,11,11,,,,,2.0:10040000',3.0:10000001',,,2.0:10040000',2.0:10009588',,,2.0:10041999',2.0:10000000',,,2.0:10040000',2.0:10001200',,,4.0,,MATH,Engineering,,,Admit (Offers Admission),No Response,,Male,26,White,USA,In-State,TX
F2,T,Fall,455,521,861,21,21,18,20,31,8,7,7,6,,,,,1.0:10000001',3.0:10000001',,,2.0:10000000',3.0:10968446',,,3.0:10130000',3.0:10960000',,,3.0:10112000',3.0:10967800',,,,,GE,Engineering,,,Cancels Application,Enroll,,Not Available,21,Hispanics of any race,China,In-State,TX
F3,F,Spring,795,647,1285,30,19,27,28,17,7,13,7,10,,,,,3.0:10112000',3.0:10000001',3.0:10000001',,1.0:00002002',2.0:12651839',2.0:11954811',,2.0:01020000',3.0:12650000',2.0:11950000',,1.0:01028900',2.0:12652300',3.0:11956700',,3.0,,MATH,Engineering,,,Cancels Application,No Response,,Not Available,24,Black or African American,USA,International,VA
F1,T,Spring,639,558,876,18,29,17,17,18,5,9,12,10,,,,,1.0:10000001',3.0:10000001',,,2.0:10040000',2.0:10009588',,,2.0:10041999',2.0:10000000',,,2.0:10040000',2.0:10001200',,,4.0,,CS,Arts & Humanities,,,Cancels Application,No Response,,Not Available,29,Hispanics of any race,Other,In-State,TX
F2,F,Fall,789,786,1114,29,32,16,21,28,14,5,6,9,,,,,3.0:10112000',3.0:10000001',,,2.0:10000000',3.0:10968446',,,3.0:10130000',3.0:10960000',,,3.0:10112000',3.0:10967800',,,3.0,,MATH,College of Science,,,Cancels Application,Enroll,,Not Available,19,White,Other,In-State,CA
F3,F,Spring,567,747,1295,32,33,24,34,29,14,6,13,13,,,,,3.0:10112000',3.0:10000001',3.0:10000001',,1.0:00002002',2.0:12651839',2.0:11954811',,2.0:01020000',3.0:12650000',2.0:11950000',,1.0:01028900',2.0:12652300',3.0:11956700',,3.5,,BIOL,Engineering,,,Deny Admission,No Response,,Not Available,23,Asian,India,International,VA
F1,T,Spring,627,463,1207,30,34,30,20,27,9,9,10,5,,,,,1.0:10000001',3.0:10000001',,,2.0:10040000',2.0:10009588',,,2.0:10041999',2.0:10000000',,,2.0:10040000',2.0:10001200',,,3.0,,CS,College of Science,,,Deny Admission,No Response,,Not Available,19,White,China,Out-of-State,TX
F2,T,,731,518,1039,33,34,20,15,27,10,8,10,14,,,,,3.0:10112000',3.0:10000001',,,2.0:10000000',3.0:10968446',,,3.0:10130000',3.0:10960000',,,3.0:10112000',3.0:10967800',,,,,MATH,Arts & Humanities,,,Admit (Offers Admission),Enroll,,Male,19,White,China,In-State,NY
F3,F,Summer,727,564,1039,20,19,16,17,24,10,13,6,5,,,,,3.0:10112000',3.0:10000001',3.0:10000001',,1.0:00002002',2.0:12651839',2.0:11954811',,2.0:01020000',3.0:12650000',2.0:11950000',,1.0:01028900',2.0:12652300',3.0:11956700',,4.0,,GE,Arts & Humanities,,,Cancels Application,No Response,,Female,18,Black or African American,China,Out-of-State,TX
F1,F,,467,715,1335,15,31,34,17,30,9,12,11,9,,,,,1.0:10000001',3.0:10000001',,,2.0:10040000',2.0:10009588',,,2.0:10041999',2.0:10000000',,,2.0:10040000',2.0:10001200',,,3.0,,BIOL,College of Science,,,Cancels Application,No Response,,Female,26,Hispanics of any race,Canada,In-State,VA
F2,T,Summer,508,419,1454,32,20,20,27,21,7,7,10,14,,,,,1.0:10000001',3.0:10000001',,,2.0:10000000',3.0:10968446',,,3.0:10130000',3.0:10960000',,,3.0:10112000',3.0:10967800',,,4.0,,BIOL,College of Science,,,Deny Admission,Enroll,,Not Available,24,Asian,Other,In-State,TX
F3,F,,517,529,1425,25,27,23,23,26,6,6,10,13,,,,,3.0:10112000',3.0:10000001',3.0:10000001',,1.0:00002002',2.0:12651839',2.0:11954811',,2.0:01020000',3.0:12650000',2.0:11950000',,1.0:01028900',2.0:12652300',3.0:11956700',,3.5,,MATH,Arts & Humanities,,,Admit (Offers Admission),No Response,,Male,28,White,China,In-State,VA
F1,F,Summer,775,727,1543,32,19,31,21,23,14,7,5,14,,,,,2.0:10040000',3.0:10000001',,,2.0:10040000',2.0:10009588',,,2.0:10041999',2.0:10000000',,,2.0:10040000',2.0:10001200',,,3.0,,GE,Arts & Humanities,,,Cancels Application,No Response,,Not Available,18,Hispanics of any race,India,In-State,MD
F2,T,,799,680,1553,31,18,25,27,15,14,6,9,10,,,,,1.0:10000001',3.0:10000001',,,2.0:10000000',3.0:10968446',,,3.0:10130000',3.0:10960000',,,3.0:10112000',3.0:10967800',,,4.0,,CS,Arts & Humanities,,,Cancels Application,Enroll,,Female,24,Black or African American,Canada,In-State,CA
F3,F,Spring,524,629,1411,24,32,27,20,35,13,8,6,13,,,,,1.0:10000001',3.0:10000001',3.0:10000001',,1.0:00002002',2.0:12651839',2.0:11954811',,2.0:01020000',3.0:12650000',2.0:11950000',,1.0:01028900',2.0:12652300',3.0:11956700',,3.5,,MATH,Arts & Humanities,,,Admit (Offers Admission),No Response,,Not Available,22,Other,India,International,NY
F1,F,Summer,592,438,1564,28,20,35,32,34,11,9,9,13,,,,,1.0:10000001',3.0:10000001',,,2.0:10040000',2.0:10009588',,,2.0:10041999',2.0:10000000',,,2.0:10040000',2.0:10001200',,,4.0,,GE,Arts & Humanities,,,Deny Admission,No Response,,Male,29,Asian,China,In-State,TX
F2,F,Spring,752,518,952,16,21,30,16,26,9,13,8,14,,,,,1.0:10000001',3.0:10000001',,,2.0:10000000',3.0:10968446',,,3.0:10130000',3.0:10960000',,,3.0:10112000',3.0:10967800',,,3.0,,CS,Arts & Humanities,,,Cancels Application,Enroll,,Female,25,White,India,In-State,VA
F3,T,Summer,777,715,914,28,18,30,29,24,11,5,7,6,,,,,1.0:10000001',3.0:10000001',3.0:10000001',,1.0:00002002',2.0:12651839',2.0:11954811',,2.0:01020000',3.0:12650000',2.0:11950000',,1.0:01028900',2.0:12652300',3.0:11956700',,,,BIOL,Engineering,,,Admit (Offers Admission),No Response,,Male,20,White,Other,Out-of-State,NY
F1,T,Fall,725,493,1458,31,26,28,26,15,13,11,12,10,,,,,1.0:10000001',3.0:10000001',,,2.0:10040000',2.0:10009588',,,2.0:10041999',2.0:10000000',,,2.0:10040000',2.0:10001200',,,3.5,,MATH,Engineering,,,Cancels Application,No Response,,Male,25,Black or African American,Canada,Out-of-State,NY
F2,F,Summer,647,626,1412,32,23,25,31,31,13,13,9,6,,,,,2.0:10040000',3.0:10000001',,,2.0:10000000',3.0:10968446',,,3.0:10130000',3.0:10960000',,,3.0:10112000',3.0:10967800',,,3.5,,CS,College of Science,,,Admit (Offers Admission),Enroll,,Male,23,Hispanics of any race,Other,Out-of-State,MD
F3,T,Spring,793,480,1002,23,26,17,19,19,5,5,7,5,,,,,3.0:10112000',3.0:10000001',3.0:10000001',,1.0:00002002',2.0:12651839',2.0:11954811',,2.0:01020000',3.0:12650000',2.0:11950000',,1.0:01028900',2.0:12652300',3.0:11956700',,3.0,,MATH,Arts & Humanities,,,Deny Admission,No Response,,Not Available,19,Other,Canada,Out-of-State,MD
F1,F,Fall,710,681,1576,15,18,26,17,35,12,11,13,10,,,,,1.0:10000001',3.0:10000001',,,2.0:10040000',2.0:10009588',,,2.0:10041999',2.0:10000000',,,2.0:10040000',2.0:10001200',,,,,GE,College of Science,,,Deny Admission,No Response,,Male,29,Asian,China,International,VA
F2,T,Summer,725,587,1511,35,27,35,34,31,11,12,8,11,,,,,1.0:10000001',3.0:10000001',,,2.0:10000000',3.0:10968446',,,3.0:10130000',3.0:10960000',,,3.0:10112000',3.0:10967800',,,4.0,,CS,College of Science,,,Admit (Offers Admission),Enroll,,Not Available,19,Black or African American,Other,In-State,MD
F3,T,Fall,669,453,1578,24,28,21,16,33,11,14,13,7,,,,,1.0:10000001',3.0:10000001',3.0:10000001',,1.0:00002002',2.0:12651839',2.0:11954811',,2.0:01020000',3.0:12650000',2.0:11950000',,1.0:01028900',2.0:12652300',3.0:11956700',,3.5,,GE,Arts & Humanities,,,Admit (Offers Admission),No Response,,Not Available,23,Black or African American,USA,International,TX
F1,F,Fall,753,696,1369,22,20,15,24,34,10,6,6,6,,,,,1.0:10000001',3.0:10000001',,,2.0:10040000',2.0:10009588',,,2.0:10041999',2.0:10000000',,,2.0:10040000',2.0:10001200',,,,,GE,Arts & Humanities,,,Deny Admission,No Response,,Not Available,22,White,China,In-State,NY
F2,F,Fall,769,570,928,23,20,24,33,30,5,12,5,13,,,,,2.0:10040000',3.0:10000001',,,2.0:10000000',3.0:10968446',,,3.0:10130000',3.0:10960000',,,3.0:10112000',3.0:10967800',,,4.0,,BIOL,Arts & Humanities,,,Cancels Application,Enroll,,Female,27,White,Other,International,NY
F3,F,Spring,648,639,1132,29,23,29,20,31,5,5,11,12,,,,,2.0:10040000',3.0:10000001',3.0:10000001',,1.0:00002002',2.0:12651839',2.0:11954811',,2.0:01020000',3.0:12650000',2.0:11950000',,1.0:01028900',2.0:12652300',3.0:11956700',,4.0,,MATH,Engineering,,,Deny Admission,No Response,,Male,23,Black or African American,China,In-State,VA
F1,T,Spring,705,463,1322,22,26,24,28,35,12,10,14,6,,,,,3.0:10112000',3.0:10000001',,,2.0:10040000',2.0:10009588',,,2.0:10041999',2.0:10000000',,,2.0:10040000',2.0:10001200',,,,,BIOL,Arts & Humanities,,,Cancels Application,No Response,,Female,21,Asian,USA,Out-of-State,CA
F2,F,,447,793,1246,28,27,33,28,26,9,11,12,11,,,,,2.0:10040000',3.0:10000001',,,2.0:10000000',3.0:10968446',,,3.0:10130000',3.0:10960000',,,3.0:10112000',3.0:10967800',,,3.5,,CS,Engineering,,,Deny Admission,Enroll,,Male,29,White,USA,Out-of-State,VA
F3,T,,740,712,1163,28,26,35,31,31,10,7,5,6,,,,,1.0:10000001',3.0:10000001',3.0:10000001',,1.0:00002002',2.0:12651839',2.0:11954811',,2.0:01020000',3.0:12650000',2.0:11950000',,1.0:01028900',2.0:12652300',3.0:11956700',,3.0,,CS,Engineering,,,Cancels Application,No Response,,Not Available,24,Hispanics of any race,Canada,International,NY
F1,F,Fall,742,401,1257,27,24,15,20,25,10,11,6,8,,,,,1.0:10000001',3.0:10000001',,,2.0:10040000',2.0:10009588',,,2.0:10041999',2.0:10000000',,,2.0:10040000',2.0:10001200',,,4.0,,MATH,College of Science,,,Deny Admission,No Response,,Not Available,20,Black or African American,USA,In-State,NY
F2,F,Fall,474,491,1143,31,32,27,27,21,7,8,10,7,,,,,3.0:10112000',3.0:10000001',,,2.0:10000000',3.0:10968446',,,3.0:10130000',3.0:10960000',,,3.0:10112000',3.0:10967800',,,4.0,,BIOL,Arts & Humanities,,,Cancels Application,Enroll,,Not Available,18,Hispanics of any race,China,Out-of-State,MD
F3,F,,653,615,1226,16,17,29,21,16,13,7,14,8,,,,,2.0:10040000',3.0:10000001',3.0:10000001',,1.0:00002002',2.0:12651839',2.0:11954811',,2.0:01020000',3.0:12650000',2.0:11950000',,1.0:01028900',2.0:12652300',3.0:11956700',,3.5,,GE,Arts & Humanities,,,Deny Admission,No Response,,Not Available,19,Asian,China,International,MD
F1,F,,580,535,1422,16,18,24,30,17,6,13,6,6,,,,,3.0:10112000',3.0:10000001',,,2.0:10040000',2.0:10009588',,,2.0:10041999',2.0:10000000',,,2.0:10040000',2.0:10001200',,,3.0,,MATH,Engineering,,,Cancels Application,No Response,,Female,24,Asian,USA,In-State,VA
F2,F,Fall,722,477,1328,30,19,16,16,35,6,9,10,6,,,,,3.0:10112000',3.0:10000001',,,2.0:10000000',3.0:10968446',,,3.0:10130000',3.0:10960000',,,3.0:10112000',3.0:10967800',,,3.0,,BIOL,Engineering,,,Admit (Offers Admission),Enroll,,Not Available,27,Asian,China,In-State,NY
F3,F,Fall,554,427,925,21,23,15,30,31,7,13,5,12,,,,,3.0:10112000',3.0:10000001',3.0:10000001',,1.0:00002002',2.0:12651839',2.0:11954811',,2.0:01020000',3.0:12650000',2.0:11950000',,1.0:01028900',2.0:12652300',3.0:11956700',,3.0,,BIOL,Engineering,,,Deny Admission,No Response,,Female,25,Other,USA,In-State,NY
F1,F,Spring,432,739,1331,24,31,33,16,17,9,11,13,12,,,,,2.0:10040000',3.0:10000001',,,2.0:10040000',2.0:10009588',,,2.0:10041999',2.0:10000000',,,2.0:10040000',2.0:10001200',,,4.0,,GE,Arts & Humanities,,,Cancels Application,No Response,,Male,21,Hispanics of any race,Canada,Out-of-State,CA
F2,F,,509,749,833,31,26,31,26,17,6,7,12,12,,,,,1.0:10000001',3.0:10000001',,,2.0:10000000',3.0:10968446',,,3.0:10130000',3.0:10960000',,,3.0:10112000',3.0:10967800',,,,,CS,Arts & Humanities,,,Deny Admission,Enroll,,Female,29,White,Other,Out-of-State,VA
F3,T,Summer,738,735,1566,29,30,15,21,28,11,12,14,9,,,,,2.0:10040000',3.0:10000001',3.0:10000001',,1.0:00002002',2.0:12651839',2.0:11954811',,2.0:01020000',3.0:12650000',2.0:11950000',,1.0:01028900',2.0:12652300',3.0:11956700',,3.5,,GE,Arts & Humanities,,,Deny Admission,No Response,,Female,28,Other,India,In-State,CA
F1,F,Spring,450,513,896,29,34,24,19,24,11,11,14,11,,,,,1.0:10000001',3.0:10000001',,,2.0:10040000',2.0:10009588',,,2.0:10041999',2.0:10000000',,,2.0:10040000',2.0:10001200',,,,,MATH,Engineering,,,Deny Admission,No Response,,Male,23,Other,China,In-State,VA
F2,T,,643,555,1362,18,33,28,29,31,13,7,9,8,,,,,2.0:10040000',3.0:10000001',,,2.0:10000000',3.0:10968446',,,3.0:10130000',3.0:10960000',,,3.0:10112000',3.0:10967800',,,,,BIOL,Engineering,,,Admit (Offers Admission),Enroll,,Male,28,White,USA,International,VA
F3,F,Spring,557,562,1343,30,15,27,18,20,14,13,7,6,,,,,3.0:10112000',3.0:10000001',3.0:10000001',,1.0:00002002',2.0:12651839',2.0:11954811',,2.0:01020000',3.0:12650000',2.0:11950000',,1.0:01028900',2.0:12652300',3.0:11956700',,,,GE,College of Science,,,Admit (Offers Admission),No Response,,Not Available,26,Hispanics of any race,Other,Out-of-State,VA
F1,F,Fall,675,404,1155,35,22,34,26,30,11,14,13,13,,,,,1.0:10000001',3.0:10000001',,,2.0:10040000',2.0:10009588',,,2.0:10041999',2.0:10000000',,,2.0:10040000',2.0:10001200',,,4.0,,BIOL,Engineering,,,Cancels Application,No Response,,Male,26,Other,Other,International,MD
F2,F,Summer,452,751,1406,26,25,30,28,19,13,8,14,7,,,,,3.0:10112000',3.0:10000001',,,2.0:10000000',3.0:10968446',,,3.0:10130000',3.0:10960000',,,3.0:10112000',3.0:10967800',,,4.0,,CS,Arts & Humanities,,,Admit (Offers Admission),Enroll,,Male,18,Hispanics of any race,USA,International,NY
F3,F,Spring,528,610,892,24,24,16,29,23,9,8,12,14,,,,,3.0:10112000',3.0:10000001',3.0:10000001',,1.0:00002002',2.0:12651839',2.0:11954811',,2.0:01020000',3.0:12650000',2.0:11950000',,1.0:01028900',2.0:12652300',3.0:11956700',,3.5,,CS,Engineering,,,Cancels Application,No Response,,Female,20,Hispanics of any race,Other,International,VA
F1,T,Spring,480,560,1074,19,18,24,30,28,14,11,13,12,,,,,1.0:10000001',3.0:10000001',,,2.0:10040000',2.0:10009588',,,2.0:10041999',2.0:10000000',,,2.0:10040000',2.0:10001200',,,3.0,,MATH,Arts & Humanities,,,Deny Admission,No Response,,Not Available,18,Other,Other,Out-of-State,NY
F2,T,Fall,711,643,971,18,35,28,22,15,8,14,14,11,,,,,2.0:10040000',3.0:10000001',,,2.0:10000000',3.0:10968446',,,3.0:10130000',3.0:10960000',,,3.0:10112000',3.0:10967800',,,3.5,,MATH,College of Science,,,Admit (Offers Admission),Enroll,,Not Available,19,White,Other,International,CA
F3,F,,738,507,1184,20,26,15,29,17,14,9,8,7,,,,,2.0:10040000',3.0:10000001',3.0:10000001',,1.0:00002002',2.0:12651839',2.0:11954811',,2.0:01020000',3.0:12650000',2.0:11950000',,1.0:01028900',2.0:12652300',3.0:11956700',,4.0,,MATH,Engineering,,,Cancels Application,No Response,,Not Available,21,Hispanics of any race,Other,Out-of-State,TX
F1,T,Fall,482,437,1533,16,18,22,19,18,9,7,10,11,,,,,3.0:10112000',3.0:10000001',,,2.0:10040000',2.0:10009588',,,2.0:10041999',2.0:10000000',,,2.0:10040000',2.0:10001200',,,,,GE,Arts & Humanities,,,Admit (Offers Admission),No Response,,Female,22,Other,China,In-State,VA
F2,T,Summer,625,723,1354,16,32,33,31,33,12,10,9,12,,,,,2.0:10040000',3.0:10000001',,,2.0:10000000',3.0:10968446',,,3.0:10130000',3.0:10960000',,,3.0:10112000',3.0:10967800',,,3.5,,GE,Engineering,,,Admit (Offers Admission),Enroll,,Not Available,22,Black or African American,China,In-State,MD
F3,T,Fall,578,713,1266,34,22,16,26,35,10,12,7,5,,,,,3.0:10112000',3.0:10000001',3.0:10000001',,1.0:00002002',2.0:12651839',2.0:11954811',,2.0:01020000',3.0:12650000',2.0:11950000',,1.0:01028900',2.0:12652300',3.0:11956700',,3.5,,CS,Arts & Humanities,,,Cancels Application,No Response,,Female,25,Other,Canada,In-State,VA
F1,T,Summer,617,590,1569,28,18,33,33,18,9,14,8,10,,,,,3.0:10112000',3.0:10000001',,,2.0:10040000',2.0:10009588',,,2.0:10041999',2.0:10000000',,,2.0:10040000',2.0:10001200',,,3.0,,MATH,Engineering,,,Admit (Offers Admission),No Response,,Female,24,Asian,Canada,International,NY
F2,T,Fall,457,568,1358,26,15,29,24,31,7,11,13,12,,,,,3.0:10112000',3.0:10000001',,,2.0:10000000',3.0:10968446',,,3.0:10130000',3.0:10960000',,,3.0:10112000',3.0:10967800',,,,,BIOL,Engineering,,,Cancels Application,Enroll,,Male,22,Asian,India,In-State,NY
F3,T,Fall,595,712,1366,29,27,34,31,26,6,9,10,12,,,,,1.0:10000001',3.0:10000001',3.0:10000001',,1.0:00002002',2.0:12651839',2.0:11954811',,2.0:01020000',3.0:12650000',2.0:11950000',,1.0:01028900',2.0:12652300',3.0:11956700',,4.0,,MATH,Engineering,,,Deny Admission,No Response,,Not Available,19,White,China,In-State,MD
F1,T,Summer,631,707,1545,18,31,27,29,24,5,14,13,10,,,,,1.0:10000001',3.0:10000001',,,2.0:10040000',2.0:10009588',,,2.0:10041999',2.0:10000000',,,2.0:10040000',2.0:10001200',,,,,BIOL,College of Science,,,Admit (Offers Admission),No Response,,Male,20,White,Canada,International,CA
F2,F,Fall,523,542,1464,22,16,31,27,21,12,6,10,11,,,,,1.0:10000001',3.0:10000001',,,2.0:10000000',3.0:10968446',,,3.0:10130000',3.0:10960000',,,3.0:10112000',3.0:10967800',,,3.5,,GE,College of Science,,,Admit (Offers Admission),Enroll,,Female,27,Hispanics of any race,USA,In-State,VA
F3,F,Summer,744,635,1464,30,16,33,20,32,5,11,7,11,,,,,1.0:10000001',3.0:10000001',3.0:10000001',,1.0:00002002',2.0:12651839',2.0:11954811',,2.0:01020000',3.0:12650000',2.0:11950000',,1.0:01028900',2.0:12652300',3.0:11956700',,,,MATH,College of Science,,,Admit (Offers Admission),No Response,,Male,28,Asian,USA,Out-of-State,CA
F1,F,,762,767,1534,28,23,31,31,25,9,10,12,14,,,,,2.0:10040000',3.0:10000001',,,2.0:10040000',2.0:10009588',,,2.0:10041999',2.0:10000000',,,2.0:10040000',2.0:10001200',,,3.0,,MATH,College of Science,,,Deny Admission,No Response,,Female,21,White,Canada,International,CA
F2,T,,502,431,1346,33,24,32,21,26,14,12,11,9,,,,,2.0:10040000',3.0:10000001',,,2.0:10000000',3.0:10968446',,,3.0:10130000',3.0:10960000',,,3.0:10112000',3.0:10967800',,,3.5,,CS,College of Science,,,Deny Admission,Enroll,,Male,20,Hispanics of any race,Other,In-State,VA
F3,F,Fall,703,618,1134,17,32,21,21,17,13,14,9,5,,,,,1.0:10000001',3.0:10000001',3.0:10000001',,1.0:00002002',2.0:12651839',2.0:11954811',,2.0:01020000',3.0:12650000',2.0:11950000',,1.0:01028900',2.0:12652300',3.0:11956700',,,,BIOL,Engineering,,,Admit (Offers Admission),No Response,,Male,26,Black or African American,Other,International,CA
F1,T,Summer,527,637,1102,23,31,32,34,35,6,12,9,10,,,,,2.0:10040000',3.0:10000001',,,2.0:10040000',2.0:10009588',,,2.0:10041999',2.0:10000000',,,2.0:10040000',2.0:10001200',,,4.0,,BIOL,College of Science,,,Deny Admission,No Response,,Male,23,Black or African American,Other,In-State,NY
F2,T,Spring,758,690,1002,18,31,26,23,29,14,14,8,6,,,,,2.0:10040000',3.0:10000001',,,2.0:10000000',3.0:10968446',,,3.0:10130000',3.0:10960000',,,3.0:10112000',3.0:10967800',,,3.5,,CS,Engineering,,,Cancels Application,Enroll,,Male,29,White,Other,In-State,TX
F3,T,Summer,698,536,1072,24,26,24,19,28,12,8,12,7,,,,,2.0:10040000',3.0:10000001',3.0:10000001',,1.0:00002002',2.0:12651839',2.0:11954811',,2.0:01020000',3.0:12650000',2.0:11950000',,1.0:01028900',2.0:12652300',3.0:11956700',,3.0,,GE,Engineering,,,Cancels Application,No Response,,Male,29,Asian,India,Out-of-State,VA
F1,T,Summer,682,658,1550,17,30,29,21,20,5,7,14,5,,,,,3.0:10112000',3.0:10000001',,,2.0:10040000',2.0:10009588',,,2.0:10041999',2.0:10000000',,,2.0:10040000',2.0:10001200',,,3.5,,GE,College of Science,,,Deny Admission,No Response,,Not Available,29,Other,Other,International,NY
F2,F,,574,751,1037,28,24,32,20,25,6,7,10,5,,,,,3.0:10112000',3.0:10000001',,,2.0:10000000',3.0:10968446',,,3.0:10130000',3.0:10960000',,,3.0:10112000',3.0:10967800',,,4.0,,CS,College of Science,,,Deny Admission,Enroll,,Male,27,Black or African American,Other,International,CA
F3,T,,506,648,839,18,27,23,21,17,9,13,14,11,,,,,2.0:10040000',3.0:10000001',3.0:10000001',,1.0:00002002',2.0:12651839',2.0:11954811',,2.0:01020000',3.0:12650000',2.0:11950000',,1.0:01028900',2.0:12652300',3.0:11956700',,,,MATH,Arts & Humanities,,,Deny Admission,No Response,,Male,25,White,Other,In-State,MD
F1,T,Spring,615,526,1590,30,25,17,27,31,7,10,7,7,,,,,1.0:10000001',3.0:10000001',,,2.0:10040000',2.0:10009588',,,2.0:10041999',2.0:10000000',,,2.0:10040000',2.0:10001200',,,3.0,,GE,Arts & Humanities,,,Cancels Application,No Response,,Not Available,20,Black or African American,Canada,In-State,NY
F2,T,Spring,601,552,1548,24,16,30,35,25,10,8,6,8,,,,,1.0:10000001',3.0:10000001',,,2.0:10000000',3.0:10968446',,,3.0:10130000',3.0:10960000',,,3.0:10112000',3.0:10967800',,,4.0,,GE,Arts & Humanities,,,Cancels Application,Enroll,,Male,29,Black or African American,USA,International,TX
F3,T,,497,626,1322,33,35,33,26,18,12,8,6,10,,,,,1.0:10000001',3.0:10000001',3.0:10000001',,1.0:00002002',2.0:12651839',2.0:11954811',,2.0:01020000',3.0:12650000',2.0:11950000',,1.0:01028900',2.0:12652300',3.0:11956700',,4.0,,MATH,Arts & Humanities,,,Cancels Application,No Response,,Male,28,Black or African American,USA,In-State,NY
F1,F,Spring,641,492,1526,28,34,25,28,31,12,14,10,10,,,,,1.0:10000001',3.0:10000001',,,2.0:10040000',2.0:10009588',,,2.0:10041999',2.0:10000000',,,2.0:10040000',2.0:10001200',,,3.5,,MATH,Arts & Humanities,,,Cancels Application,No Response,,Not Available,25,Other,Canada,Out-of-State,TX
F2,F,Summer,547,488,1308,15,23,20,18,32,9,13,11,11,,,,,1.0:10000001',3.0:10000001',,,2.0:10000000',3.0:10968446',,,3.0:10130000',3.0:10960000',,,3.0:10112000',3.0:10967800',,,3.5,,MATH,Arts & Humanities,,,Admit (Offers Admission),Enroll,,Male,23,Other,Canada,In-State,TX
F3,F,,770,688,1310,23,35,34,31,26,8,14,7,10,,,,,3.0:10112000',3.0:10000001',3.0:10000001',,1.0:00002002',2.0:12651839',2.0:11954811',,2.0:01020000',3.0:12650000',2.0:11950000',,1.0:01028900',2.0:12652300',3.0:11956700',,3.5,,BIOL,Engineering,,,Admit (Offers Admission),No Response,,Not Available,26,Other,USA,Out-of-State,TX
F1,T,Spring,609,457,1161,26,19,21,22,15,9,8,13,5,,,,,1.0:10000001',3.0:10000001',,,2.0:10040000',2.0:10009588',,,2.0:10041999',2.0:10000000',,,2.0:10040000',2.0:10001200',,,3.0,,BIOL,Arts & Humanities,,,Deny Admission,No Response,,Not Available,20,Other,China,In-State,VA
F2,F,Fall,560,669,889,35,29,28,19,21,5,10,5,7,,,,,1.0:10000001',3.0:10000001',,,2.0:10000000',3.0:10968446',,,3.0:10130000',3.0:10960000',,,3.0:10112000',3.0:10967800',,,,,MATH,College of Science,,,Cancels Application,Enroll,,Not Available,27,White,Other,Out-of-State,TX
F3,T,Fall,520,574,1465,34,15,18,23,29,6,11,8,8,,,,,1.0:10000001',3.0:10000001',3.0:10000001',,1.0:00002002',2.0:12651839',2.0:11954811',,2.0:01020000',3.0:12650000',2.0:11950000',,1.0:01028900',2.0:12652300',3.0:11956700',,3.0,,MATH,Arts & Humanities,,,Admit (Offers Admission),No Response,,Male,18,Asian,USA,In-State,TX
F1,F,Summer,701,632,1399,23,32,26,17,24,5,10,11,13,,,,,2.0:10040000',3.0:10000001',,,2.0:10040000',2.0:10009588',,,2.0:10041999',2.0:10000000',,,2.0:10040000',2.0:10001200',,,,,BIOL,Engineering,,,Admit (Offers Admission),No Response,,Male,21,Hispanics of any race,USA,Out-of-State,VA
F2,T,Summer,721,518,1248,35,29,19,20,35,11,14,13,11,,,,,1.0:10000001',3.0:10000001',,,2.0:10000000',3.0:10968446',,,3.0:10130000',3.0:10960000',,,3.0:10112000',3.0:10967800',,,4.0,,BIOL,Arts & Humanities,,,Cancels Application,Enroll,,Female,22,Asian,China,International,TX
F3,T,Spring,760,658,1317,33,19,26,32,30,13,6,13,14,,,,,3.0:10112000',3.0:10000001',3.0:10000001',,1.0:00002002',2.0:12651839',2.0:11954811',,2.0:01020000',3.0:12650000',2.0:11950000',,1.0:01028900',2.0:12652300',3.0:11956700',,3.5,,GE,College of Science,,,Deny Admission,No Response,,Female,19,Hispanics of any race,USA,International,VA
F1,T,Fall,494,484,1313,31,17,28,18,28,14,14,7,8,,,,,3.0:10112000',3.0:10000001',,,2.0:10040000',2.0:10009588',,,2.0:10041999',2.0:10000000',,,2.0:10040000',2.0:10001200',,,3.0,,GE,Arts & Humanities,,,Admit (Offers Admission),No Response,,Not Available,26,Other,China,Out-of-State,VA
F2,T,Fall,613,450,1185,16,33,22,35,30,7,5,10,5,,,,,1.0:10000001',3.0:10000001',,,2.0:10000000',3.0:10968446',,,3.0:10130000',3.0:10960000',,,3.0:10112000',3.0:10967800',,,4.0,,CS,Engineering,,,Cancels Application,Enroll,,Not Available,22,White,USA,International,CA
F3,T,Summer,751,442,894,21,20,18,16,32,8,10,13,7,,,,,3.0:10112000',3.0:10000001',3.0:10000001',,1.0:00002002',2.0:12651839',2.0:11954811',,2.0:01020000',3.0:12650000',2.0:11950000',,1.0:01028900',2.0:12652300',3.0:11956700',,3.0,,GE,College of Science,,,Admit (Offers Admission),No Response,,Male,20,Asian,China,In-State,CA
F1,T,Fall,425,769,812,27,23,23,32,24,5,12,13,8,,,,,2.0:10040000',3.0:10000001',,,2.0:10040000',2.0:10009588',,,2.0:10041999',2.0:10000000',,,2.0:10040000',2.0:10001200',,,4.0,,CS,Arts & Humanities,,,Cancels Application,No Response,,Female,25,Asian,India,Out-of-State,CA
F2,F,Spring,539,696,1180,19,21,21,33,21,5,5,12,11,,,,,3.0:10112000',3.0:10000001',,,2.0:10000000',3.0:10968446',,,3.0:10130000',3.0:10960000',,,3.0:10112000',3.0:10967800',,,4.0,,GE,Engineering,,,Admit (Offers Admission),Enroll,,Male,27,Black or African American,Canada,International,CA
F3,F,,651,500,1315,15,15,19,35,30,10,10,12,11,,,,,1.0:10000001',3.0:10000001',3.0:10000001',,1.0:00002002',2.0:12651839',2.0:11954811',,2.0:01020000',3.0:12650000',2.0:11950000',,1.0:01028900',2.0:12652300',3.0:11956700',,4.0,,MATH,Arts & Humanities,,,Admit (Offers Admission),No Response,,Female,26,White,India,In-State,TX
F1,F,Fall,634,585,842,22,33,30,27,20,11,11,13,12,,,,,2.0:10040000',3.0:10000001',,,2.0:10040000',2.0:10009588',,,2.0:10041999',2.0:10000000',,,2.0:10040000',2.0:10001200',,,3.0,,MATH,Arts & Humanities,,,Cancels Application,No Response,,Male,23,Other,China,In-State,CA
F2,T,Fall,734,508,1260,25,20,28,18,30,12,14,13,10,,,,,3.0:10112000',3.0:10000001',,,2.0:10000000',3.0:10968446',,,3.0:10130000',3.0:10960000',,,3.0:10112000',3.0:10967800',,,3.0,,BIOL,Engineering,,,Cancels Application,Enroll,,Female,22,Asian,Other,In-State,MD
F3,T,Summer,681,517,963,35,19,26,16,31,6,5,13,5,,,,,3.0:10112000',3.0:10000001',3.0:10000001',,1.0:00002002',2.0:12651839',2.0:11954811',,2.0:01020000',3.0:12650000',2.0:11950000',,1.0:01028900',2.0:12652300',3.0:11956700',,3.0,,MATH,Engineering,,,Admit (Offers Admission),No Response,,Not Available,18,Black or African American,China,Out-of-State,VA
F1,T,,562,553,1105,26,32,31,34,30,14,7,9,7,,,,,2.0:10040000',3.0:10000001',,,2.0:10040000',2.0:10009588',,,2.0:10041999',2.0:10000000',,,2.0:10040000',2.0:10001200',,,,,MATH,Engineering,,,Deny Admission,No Response,,Not Available,18,White,USA,International,MD
F2,F,Summer,528,413,1121,35,35,30,26,33,5,11,12,9,,,,,3.0:10112000',3.0:10000001',,,2.0:10000000',3.0:10968446',,,3.0:10130000',3.0:10960000',,,3.0:10112000',3.0:10967800',,,3.0,,MATH,Arts & Humanities,,,Admit (Offers Admission),Enroll,,Not Available,23,White,Canada,In-State,TX
F3,T,Spring,790,774,902,24,23,23,29,18,12,6,12,14,,,,,2.0:10040000',3.0:10000001',3.0:10000001',,1.0:00002002',2.0:12651839',2.0:11954811',,2.0:01020000',3.0:12650000',2.0:11950000',,1.0:01028900',2.0:12652300',3.0:11956700',,3.5,,GE,Arts & Humanities,,,Deny Admission,No Response,,Male,23,Black or African American,Canada,In-State,VA
F1,F,Fall,575,757,895,29,33,22,35,24,10,10,9,5,,,,,1.0:10000001',3.0:10000001',,,2.0:10040000',2.0:10009588',,,2.0:10041999',2.0:10000000',,,2.0:10040000',2.0:10001200',,,3.5,,MATH,Engineering,,,Deny Admission,No Response,,Not Available,20,Black or African American,USA,Out-of-State,MD
F2,T,Summer,434,539,1132,29,16,20,26,23,6,5,5,12,,,,,3.0:10112000',3.0:10000001',,,2.0:10000000',3.0:10968446',,,3.0:10130000',3.0:10960000',,,3.0:10112000',3.0:10967800',,,3.0,,MATH,College of Science,,,Deny Admission,Enroll,,Not Available,28,Black or African American,India,In-State,CA
F3,T,Spring,714,474,1012,32,25,34,26,31,5,6,13,11,,,,,3.0:10112000',3.0:10000001',3.0:10000001',,1.0:00002002',2.0:12651839',2.0:11954811',,2.0:01020000',3.0:12650000',2.0:11950000',,1.0:01028900',2.0:12652300',3.0:11956700',,,,BIOL,Arts & Humanities,,,Admit (Offers Admission),No Response,,Female,26,Asian,China,Out-of-State,MD
F1,F,Fall,574,726,943,28,27,20,35,24,13,7,9,10,,,,,3.0:10112000',3.0:10000001',,,2.0:10040000',2.0:10009588',,,2.0:10041999',2.0:10000000',,,2.0:10040000',2.0:10001200',,,3.0,,CS,Engineering,,,Cancels Application,No Response,,Not Available,21,Asian,Other,In-State,VA
F2,F,,788,732,1259,32,20,23,33,24,6,12,10,5,,,,,2.0:10040000',3.0:10000001',,,2.0:10000000',3.0:10968446',,,3.0:10130000',3.0:10960000',,,3.0:10112000',3.0:10967800',,,3.5,,BIOL,Engineering,,,Deny Admission,Enroll,,Not Available,23,Asian,USA,International,CA
F3,F,,453,768,1325,26,29,26,15,32,13,9,13,5,,,,,2.0:10040000',3.0:10000001',3.0:10000001',,1.0:00002002',2.0:12651839',2.0:11954811',,2.0:01020000',3.0:12650000',2.0:11950000',,1.0:01028900',2.0:12652300',3.0:11956700',,3.5,,BIOL,Arts & Humanities,,,Cancels Application,No Response,,Not Available,22,Asian,Other,In-State,VA
F1,F,,777,430,1328,32,34,22,24,26,11,6,8,13,,,,,2.0:10040000',3.0:10000001',,,2.0:10040000',2.0:10009588',,,2.0:10041999',2.0:10000000',,,2.0:10040000',2.0:10001200',,,3.0,,MATH,College of Science,,,Cancels Application,No Response,,Male,25,White,China,International,MD
F2,F,Summer,674,730,1187,32,20,21,15,29,10,12,14,9,,,,,1.0:10000001',3.0:10000001',,,2.0:10000000',3.0:10968446',,,3.0:10130000',3.0:10960000',,,3.0:10112000',3.0:10967800',,,3.5,,BIOL,Engineering,,,Deny Admission,Enroll,,Female,21,White,Canada,Out-of-State,CA
F3,F,Summer,757,614,1204,15,20,35,32,18,10,10,13,13,,,,,3.0:10112000',3.0:10000001',3.0:10000001',,1.0:00002002',2.0:12651839',2.0:11954811',,2.0:01020000',3.0:12650000',2.0:11950000',,1.0:01028900',2.0:12652300',3.0:11956700',,3.5,,CS,Engineering,,,Admit (Offers Admission),No Response,,Female,28,Hispanics of any race,Canada,In-State,MD
F1,T,Summer,799,524,1064,23,28,26,31,16,10,14,6,5,,,,,1.0:10000001',3.0:10000001',,,2.0:10040000',2.0:10009588',,,2.0:10041999',2.0:10000000',,,2.0:10040000',2.0:10001200',,,4.0,,GE,Engineering,,,Cancels Application,No Response,,Not Available,27,Hispanics of any race,Canada,In-State,VA
F2,F,Summer,478,478,1236,18,26,18,16,19,14,10,10,6,,,,,2.0:10040000',3.0:10000001',,,2.0:10000000',3.0:10968446',,,3.0:10130000',3.0:10960000',,,3.0:10112000',3.0:10967800',,,,,GE,Engineering,,,Admit (Offers Admission),Enroll,,Male,19,Hispanics of any race,Other,International,VA
F3,F,Fall,785,587,1546,22,19,18,30,23,7,12,13,8,,,,,1.0:10000001',3.0:10000001',3.0:10000001',,1.0:00002002',2.0:12651839',2.0:11954811',,2.0:01020000',3.0:12650000',2.0:11950000',,1.0:01028900',2.0:12652300',3.0:11956700',,3.5,,GE,Engineering,,,Admit (Offers Admission),No Response,,Female,23,White,Other,International,VA
F1,T,Summer,657,682,1348,20,29,27,22,22,12,13,11,14,,,,,1.0:10000001',3.0:10000001',,,2.0:10040000',2.0:10009588',,,2.0:10041999',2.0:10000000',,,2.0:10040000',2.0:10001200',,,3.0,,MATH,Arts & Humanities,,,Deny Admission,No Response,,Female,24,Black or African American,China,Out-of-State,TX
F2,T,Summer,577,620,1266,22,32,20,32,32,9,7,12,9,,,,,3.0:10112000',3.0:10000001',,,2.0:10000000',3.0:10968446',,,3.0:10130000',3.0:10960000',,,3.0:10112000',3.0:10967800',,,,,MATH,Engineering,,,Deny Admission,Enroll,,Female,28,Other,Other,International,VA
F3,F,Fall,561,657,1043,29,28,23,15,18,10,5,5,12,,,,,2.0:10040000',3.0:10000001',3.0:10000001',,1.0:00002002',2.0:12651839',2.0:11954811',,2.0:01020000',3.0:12650000',2.0:11950000',,1.0:01028900',2.0:12652300',3.0:11956700',,3.0,,MATH,Arts & Humanities,,,Deny Admission,No Response,,Female,27,Asian,USA,In-State,CA
F1,T,Fall,684,602,1117,21,33,21,18,19,5,9,13,8,,,,,1.0:10000001',3.0:10000001',,,2.0:10040000',2.0:10009588',,,2.0:10041999',2.0:10000000',,,2.0:10040000',2.0:10001200',,,,,GE,College of Science,,,Cancels Application,No Response,,Male,26,Hispanics of any race,Canada,Out-of-State,MD
F2,T,Spring,489,521,1435,29,24,31,24,27,7,6,12,11,,,,,2.0:10040000',3.0:10000001',,,2.0:10000000',3.0:10968446',,,3.0:10130000',3.0:10960000',,,3.0:10112000',3.0:10967800',,,3.5,,GE,Arts & Humanities,,,Deny Admission,Enroll,,Not Available,20,White,India,In-State,TX
F3,T,,489,525,1524,27,34,17,30,23,6,5,8,11,,,,,2.0:10040000',3.0:10000001',3.0:10000001',,1.0:00002002',2.0:12651839',2.0:11954811',,2.0:01020000',3.0:12650000',2.0:11950000',,1.0:01028900',2.0:12652300',3.0:11956700',,3.5,,GE,Arts & Humanities,,,Admit (Offers Admission),No Response,,Not Available,23,Black or African American,USA,In-State,MD
F1,T,Summer,788,645,1362,23,31,30,17,25,11,10,6,9,,,,,1.0:10000001',3.0:10000001',,,2.0:10040000',2.0:10009588',,,2.0:10041999',2.0:10000000',,,2.0:10040000',2.0:10001200',,,,,MATH,Arts & Humanities,,,Cancels Application,No Response,,Female,23,Hispanics of any race,USA,Out-of-State,NY
F2,F,,417,747,1336,15,24,24,22,20,13,7,13,12,,,,,3.0:10112000',3.0:10000001',,,2.0:10000000',3.0:10968446',,,3.0:10130000',3.0:10960000',,,3.0:10112000',3.0:10967800',,,4.0,,CS,College of Science,,,Cancels Application,Enroll,,Not Available,26,Asian,USA,International,CA
F3,T,Fall,560,715,1445,34,23,19,18,34,14,9,6,7,,,,,3.0:10112000',3.0:10000001',3.0:10000001',,1.0:00002002',2.0:12651839',2.0:11954811',,2.0:01020000',3.0:12650000',2.0:11950000',,1.0:01028900',2.0:12652300',3.0:11956700',,3.5,,BIOL,College of Science,,,Deny Admission,No Response,,Female,19,Hispanics of any race,Other,Out-of-State,TX
F1,F,Spring,439,738,1572,22,22,34,17,18,12,8,6,14,,,,,2.0:10040000',3.0:10000001',,,2.0:10040000',2.0:10009588',,,2.0:10041999',2.0:10000000',,,2.0:10040000',2.0:10001200',,,4.0,,MATH,College of Science,,,Deny Admission,No Response,,Female,25,White,Other,Out-of-State,TX
F2,T,,680,544,909,28,17,29,30,16,11,5,13,14,,,,,2.0:10040000',3.0:10000001',,,2.0:10000000',3.0:10968446',,,3.0:10130000',3.0:10960000',,,3.0:10112000',3.0:10967800',,,4.0,,MATH,College of Science,,,Deny Admission,Enroll,,Female,28,Other,USA,Out-of-State,NY
F3,T,Spring,798,412,810,16,32,20,20,15,14,8,5,14,,,,,1.0:10000001',3.0:10000001',3.0:10000001',,1.0:00002002',2.0:12651839',2.0:11954811',,2.0:01020000',3.0:12650000',2.0:11950000',,1.0:01028900',2.0:12652300',3.0:11956700',,3.0,,MATH,College of Science,,,Cancels Application,No Response,,Female,19,Black or African American,India,Out-of-State,NY
F1,F,,609,569,1109,35,16,35,24,20,13,6,5,8,,,,,1.0:10000001',3.0:10000001',,,2.0:10040000',2.0:10009588',,,2.0:10041999',2.0:10000000',,,2.0:10040000',2.0:10001200',,,3.5,,CS,College of Science,,,Admit (Offers Admission),No Response,,Female,24,White,Other,Out-of-State,CA
F2,T,,751,774,941,23,19,35,32,35,6,13,10,13,,,,,3.0:10112000',3.0:10000001',,,2.0:10000000',3.0:10968446',,,3.0:10130000',3.0:10960000',,,3.0:10112000',3.0:10967800',,,3.5,,GE,Arts & Humanities,,,Cancels Application,Enroll,,Female,21,Other,India,International,CA
